-- MySQL dump 10.13  Distrib 5.7.26, for Linux (x86_64)
--
-- Host: localhost    Database: usaops
-- ------------------------------------------------------
-- Server version	5.7.26-0ubuntu0.18.10.1

/*!40101 SET @OLD_CHARACTER_SET_CLIENT=@@CHARACTER_SET_CLIENT */;
/*!40101 SET @OLD_CHARACTER_SET_RESULTS=@@CHARACTER_SET_RESULTS */;
/*!40101 SET @OLD_COLLATION_CONNECTION=@@COLLATION_CONNECTION */;
/*!40101 SET NAMES utf8 */;
/*!40103 SET @OLD_TIME_ZONE=@@TIME_ZONE */;
/*!40103 SET TIME_ZONE='+00:00' */;
/*!40014 SET @OLD_UNIQUE_CHECKS=@@UNIQUE_CHECKS, UNIQUE_CHECKS=0 */;
/*!40014 SET @OLD_FOREIGN_KEY_CHECKS=@@FOREIGN_KEY_CHECKS, FOREIGN_KEY_CHECKS=0 */;
/*!40101 SET @OLD_SQL_MODE=@@SQL_MODE, SQL_MODE='NO_AUTO_VALUE_ON_ZERO' */;
/*!40111 SET @OLD_SQL_NOTES=@@SQL_NOTES, SQL_NOTES=0 */;

--
-- Table structure for table `death_rates`
--

DROP TABLE IF EXISTS `death_rates`;
/*!40101 SET @saved_cs_client     = @@character_set_client */;
/*!40101 SET character_set_client = utf8 */;
CREATE TABLE `death_rates` (
  `year` bigint(20) NOT NULL,
  `date` date DEFAULT NULL,
  `rate` decimal(19,2) DEFAULT NULL,
  PRIMARY KEY (`year`)
) ENGINE=InnoDB DEFAULT CHARSET=latin1;
/*!40101 SET character_set_client = @saved_cs_client */;

--
-- Dumping data for table `death_rates`
--

LOCK TABLES `death_rates` WRITE;
/*!40000 ALTER TABLE `death_rates` DISABLE KEYS */;
INSERT INTO `death_rates` VALUES (1960,'1960-01-01',9.50),(1961,'1961-01-01',9.30),(1962,'1962-01-01',9.50),(1963,'1963-01-01',9.60),(1964,'1964-01-01',9.40),(1965,'1965-01-01',9.40),(1966,'1966-01-01',9.50),(1967,'1967-01-01',9.40),(1968,'1968-01-01',9.80),(1969,'1969-01-01',9.50),(1970,'1970-01-01',9.50),(1971,'1971-01-01',9.30),(1972,'1972-01-01',9.40),(1973,'1973-01-01',9.30),(1974,'1974-01-01',9.10),(1975,'1975-01-01',8.80),(1976,'1976-01-01',8.80),(1977,'1977-01-01',8.60),(1978,'1978-01-01',8.70),(1979,'1979-01-01',8.50),(1980,'1980-01-01',8.80),(1981,'1981-01-01',8.60),(1982,'1982-01-01',8.50),(1983,'1983-01-01',8.60),(1984,'1984-01-01',8.70),(1985,'1985-01-01',8.70),(1986,'1986-01-01',8.70),(1987,'1987-01-01',8.60),(1988,'1988-01-01',8.90),(1989,'1989-01-01',8.80),(1990,'1990-01-01',8.60),(1991,'1991-01-01',8.60),(1992,'1992-01-01',8.50),(1993,'1993-01-01',8.80),(1994,'1994-01-01',8.80),(1995,'1995-01-01',8.80),(1996,'1996-01-01',8.80),(1997,'1997-01-01',8.70),(1998,'1998-01-01',8.60),(1999,'1999-01-01',8.60),(2000,'2000-01-01',8.50),(2001,'2001-01-01',8.50),(2002,'2002-01-01',8.50),(2003,'2003-01-01',8.40),(2004,'2004-01-01',8.20),(2005,'2005-01-01',8.30),(2006,'2006-01-01',8.10),(2007,'2007-01-01',8.00),(2008,'2008-01-01',8.10),(2009,'2009-01-01',7.90),(2010,'2010-01-01',8.00),(2011,'2011-01-01',8.07),(2012,'2012-01-01',8.10),(2013,'2013-01-01',8.22),(2014,'2014-01-01',8.24),(2015,'2015-01-01',8.44),(2016,'2016-01-01',8.49),(2017,'2017-01-01',8.50),(2018,'2018-01-01',0.00),(2019,'2019-01-01',0.00);
/*!40000 ALTER TABLE `death_rates` ENABLE KEYS */;
UNLOCK TABLES;

--
-- Table structure for table `fertility_rates`
--

DROP TABLE IF EXISTS `fertility_rates`;
/*!40101 SET @saved_cs_client     = @@character_set_client */;
/*!40101 SET character_set_client = utf8 */;
CREATE TABLE `fertility_rates` (
  `year` bigint(20) NOT NULL,
  `rate` decimal(19,2) DEFAULT NULL,
  `date` date DEFAULT NULL,
  PRIMARY KEY (`year`)
) ENGINE=InnoDB DEFAULT CHARSET=latin1;
/*!40101 SET character_set_client = @saved_cs_client */;

--
-- Dumping data for table `fertility_rates`
--

LOCK TABLES `fertility_rates` WRITE;
/*!40000 ALTER TABLE `fertility_rates` DISABLE KEYS */;
INSERT INTO `fertility_rates` VALUES (1960,3.65,'1960-01-01'),(1961,3.62,'1961-01-01'),(1962,3.46,'1962-01-01'),(1963,3.32,'1963-01-01'),(1964,3.19,'1964-01-01'),(1965,2.91,'1965-01-01'),(1966,2.72,'1966-01-01'),(1967,2.56,'1967-01-01'),(1968,2.46,'1968-01-01'),(1969,2.46,'1969-01-01'),(1970,2.48,'1970-01-01'),(1971,2.27,'1971-01-01'),(1972,2.01,'1972-01-01'),(1973,1.88,'1973-01-01'),(1974,1.84,'1974-01-01'),(1975,1.77,'1975-01-01'),(1976,1.74,'1976-01-01'),(1977,1.79,'1977-01-01'),(1978,1.76,'1978-01-01'),(1979,1.81,'1979-01-01'),(1980,1.84,'1980-01-01'),(1981,1.81,'1981-01-01'),(1982,1.83,'1982-01-01'),(1983,1.80,'1983-01-01'),(1984,1.81,'1984-01-01'),(1985,1.84,'1985-01-01'),(1986,1.84,'1986-01-01'),(1987,1.87,'1987-01-01'),(1988,1.93,'1988-01-01'),(1989,2.01,'1989-01-01'),(1990,2.08,'1990-01-01'),(1991,2.06,'1991-01-01'),(1992,2.05,'1992-01-01'),(1993,2.02,'1993-01-01'),(1994,2.00,'1994-01-01'),(1995,1.98,'1995-01-01'),(1996,1.98,'1996-01-01'),(1997,1.97,'1997-01-01'),(1998,2.00,'1998-01-01'),(1999,2.01,'1999-01-01'),(2000,2.06,'2000-01-01'),(2001,2.03,'2001-01-01'),(2002,2.02,'2002-01-01'),(2003,2.05,'2003-01-01'),(2004,2.05,'2004-01-01'),(2005,2.06,'2005-01-01'),(2006,2.11,'2006-01-01'),(2007,2.12,'2007-01-01'),(2008,2.07,'2008-01-01'),(2009,2.00,'2009-01-01'),(2010,1.93,'2010-01-01'),(2011,1.89,'2011-01-01'),(2012,1.88,'2012-01-01'),(2013,1.86,'2013-01-01'),(2014,1.86,'2014-01-01'),(2015,1.84,'2015-01-01'),(2016,1.82,'2016-01-01'),(2017,1.77,'2017-01-01'),(2018,0.00,'2018-01-01'),(2019,0.00,'2019-01-01');
/*!40000 ALTER TABLE `fertility_rates` ENABLE KEYS */;
UNLOCK TABLES;

--
-- Table structure for table `government_employment`
--

DROP TABLE IF EXISTS `government_employment`;
/*!40101 SET @saved_cs_client     = @@character_set_client */;
/*!40101 SET character_set_client = utf8 */;
CREATE TABLE `government_employment` (
  `year` int(11) NOT NULL,
  `amount` decimal(19,2) DEFAULT NULL,
  `date` datetime DEFAULT NULL,
  PRIMARY KEY (`year`)
) ENGINE=InnoDB DEFAULT CHARSET=latin1;
/*!40101 SET character_set_client = @saved_cs_client */;

--
-- Dumping data for table `government_employment`
--

LOCK TABLES `government_employment` WRITE;
/*!40000 ALTER TABLE `government_employment` DISABLE KEYS */;
INSERT INTO `government_employment` VALUES (1980,4684627.00,'1979-12-31 00:00:00'),(1981,4690560.00,'1980-12-31 00:00:00'),(1982,4955612.00,'1981-12-31 00:00:00'),(1983,4741349.00,'1982-12-31 00:00:00'),(1984,5080235.00,'1983-12-31 00:00:00'),(1985,5172443.00,'1984-12-31 00:00:00'),(1986,5188487.00,'1985-12-31 00:00:00'),(1987,5264887.00,'1986-12-31 00:00:00'),(1988,5250369.00,'1987-12-31 00:00:00'),(1989,5244422.00,'1988-12-31 00:00:00'),(1990,5149145.00,'1989-12-31 00:00:00'),(1991,5088186.00,'1990-12-31 00:00:00'),(1992,4854050.00,'1991-12-31 00:00:00'),(1993,4704142.00,'1992-12-31 00:00:00'),(1994,4562258.00,'1993-12-31 00:00:00'),(1995,4413499.00,'1994-12-31 00:00:00'),(1996,NULL,'1995-12-31 00:00:00'),(1997,4245639.00,'1996-12-31 00:00:00'),(1998,4172044.00,'1997-12-31 00:00:00'),(1999,4184803.00,'1998-12-31 00:00:00'),(2000,4283701.00,'1999-12-31 00:00:00'),(2001,4082718.00,'2000-12-31 00:00:00'),(2002,4103785.00,'2001-12-31 00:00:00'),(2003,4151457.00,'2002-12-31 00:00:00'),(2004,4160705.00,'2003-12-31 00:00:00'),(2005,4109857.00,'2004-12-31 00:00:00'),(2006,4105657.00,'2005-12-31 00:00:00'),(2007,4109601.00,'2006-12-31 00:00:00'),(2008,4170643.00,'2007-12-31 00:00:00'),(2009,4242319.00,'2008-12-31 00:00:00'),(2010,4438923.00,'2009-12-31 00:00:00'),(2011,4279364.00,'2010-12-31 00:00:00'),(2012,4192358.00,'2011-12-31 00:00:00'),(2013,4127615.00,'2012-12-31 00:00:00'),(2014,4038955.00,'2013-12-31 00:00:00'),(2015,NULL,'2014-12-31 00:00:00'),(2016,NULL,'2015-12-31 00:00:00');
/*!40000 ALTER TABLE `government_employment` ENABLE KEYS */;
UNLOCK TABLES;

--
-- Table structure for table `government_spending`
--

DROP TABLE IF EXISTS `government_spending`;
/*!40101 SET @saved_cs_client     = @@character_set_client */;
/*!40101 SET character_set_client = utf8 */;
CREATE TABLE `government_spending` (
  `date` datetime NOT NULL,
  `amount` decimal(19,2) DEFAULT NULL,
  `year` int(11) NOT NULL,
  PRIMARY KEY (`date`)
) ENGINE=InnoDB DEFAULT CHARSET=latin1;
/*!40101 SET character_set_client = @saved_cs_client */;

--
-- Dumping data for table `government_spending`
--

LOCK TABLES `government_spending` WRITE;
/*!40000 ALTER TABLE `government_spending` DISABLE KEYS */;
INSERT INTO `government_spending` VALUES ('1960-01-01 00:00:00',144.23,1960),('1960-04-01 00:00:00',147.42,1960),('1960-07-01 00:00:00',150.46,1960),('1960-10-01 00:00:00',153.78,1960),('1961-01-01 00:00:00',157.25,1961),('1961-04-01 00:00:00',160.74,1961),('1961-07-01 00:00:00',162.66,1961),('1961-10-01 00:00:00',166.34,1961),('1962-01-01 00:00:00',170.89,1962),('1962-04-01 00:00:00',173.13,1962),('1962-07-01 00:00:00',175.60,1962),('1962-10-01 00:00:00',178.21,1962),('1963-01-01 00:00:00',179.39,1963),('1963-04-01 00:00:00',180.37,1963),('1963-07-01 00:00:00',184.86,1963),('1963-10-01 00:00:00',186.79,1963),('1964-01-01 00:00:00',190.08,1964),('1964-04-01 00:00:00',192.97,1964),('1964-07-01 00:00:00',193.30,1964),('1964-10-01 00:00:00',192.97,1964),('1965-01-01 00:00:00',196.20,1965),('1965-04-01 00:00:00',200.09,1965),('1965-07-01 00:00:00',208.98,1965),('1965-10-01 00:00:00',214.26,1965),('1966-01-01 00:00:00',221.11,1966),('1966-04-01 00:00:00',227.48,1966),('1966-07-01 00:00:00',235.64,1966),('1966-10-01 00:00:00',243.76,1966),('1967-01-01 00:00:00',255.42,1967),('1967-04-01 00:00:00',256.92,1967),('1967-07-01 00:00:00',264.20,1967),('1967-10-01 00:00:00',268.39,1967),('1968-01-01 00:00:00',277.11,1968),('1968-04-01 00:00:00',286.71,1968),('1968-07-01 00:00:00',292.22,1968),('1968-10-01 00:00:00',298.98,1968),('1969-01-01 00:00:00',300.57,1969),('1969-04-01 00:00:00',307.10,1969),('1969-07-01 00:00:00',313.92,1969),('1969-10-01 00:00:00',318.24,1969),('1970-01-01 00:00:00',325.88,1970),('1970-04-01 00:00:00',339.05,1970),('1970-07-01 00:00:00',346.41,1970),('1970-10-01 00:00:00',354.25,1970),('1971-01-01 00:00:00',358.57,1971),('1971-04-01 00:00:00',373.21,1971),('1971-07-01 00:00:00',377.13,1971),('1971-10-01 00:00:00',383.31,1971),('1972-01-01 00:00:00',399.43,1972),('1972-04-01 00:00:00',403.93,1972),('1972-07-01 00:00:00',404.91,1972),('1972-10-01 00:00:00',419.29,1972),('1973-01-01 00:00:00',426.93,1973),('1973-04-01 00:00:00',439.11,1973),('1973-07-01 00:00:00',437.63,1973),('1973-10-01 00:00:00',451.02,1973),('1974-01-01 00:00:00',465.64,1974),('1974-04-01 00:00:00',477.35,1974),('1974-07-01 00:00:00',507.01,1974),('1974-10-01 00:00:00',521.21,1974),('1975-01-01 00:00:00',550.07,1975),('1975-04-01 00:00:00',571.86,1975),('1975-07-01 00:00:00',583.50,1975),('1975-10-01 00:00:00',600.05,1975),('1976-01-01 00:00:00',609.58,1976),('1976-04-01 00:00:00',606.87,1976),('1976-07-01 00:00:00',619.60,1976),('1976-10-01 00:00:00',630.20,1976),('1977-01-01 00:00:00',645.41,1977),('1977-04-01 00:00:00',657.41,1977),('1977-07-01 00:00:00',669.00,1977),('1977-10-01 00:00:00',688.77,1977),('1978-01-01 00:00:00',702.39,1978),('1978-04-01 00:00:00',721.91,1978),('1978-07-01 00:00:00',749.36,1978),('1978-10-01 00:00:00',767.11,1978),('1979-01-01 00:00:00',776.40,1979),('1979-04-01 00:00:00',799.71,1979),('1979-07-01 00:00:00',829.64,1979),('1979-10-01 00:00:00',851.74,1979),('1980-01-01 00:00:00',892.90,1980),('1980-04-01 00:00:00',922.80,1980),('1980-07-01 00:00:00',956.08,1980),('1980-10-01 00:00:00',970.57,1980),('1981-01-01 00:00:00',1022.59,1981),('1981-04-01 00:00:00',1037.41,1981),('1981-07-01 00:00:00',1063.56,1981),('1981-10-01 00:00:00',1102.24,1981),('1982-01-01 00:00:00',1122.59,1982),('1982-04-01 00:00:00',1150.14,1982),('1982-07-01 00:00:00',1185.95,1982),('1982-10-01 00:00:00',1222.29,1982),('1983-01-01 00:00:00',1245.64,1983),('1983-04-01 00:00:00',1255.64,1983),('1983-07-01 00:00:00',1289.04,1983),('1983-10-01 00:00:00',1299.51,1983),('1984-01-01 00:00:00',1320.76,1984),('1984-04-01 00:00:00',1349.95,1984),('1984-07-01 00:00:00',1380.14,1984),('1984-10-01 00:00:00',1423.84,1984),('1985-01-01 00:00:00',1450.99,1985),('1985-04-01 00:00:00',1483.53,1985),('1985-07-01 00:00:00',1514.89,1985),('1985-10-01 00:00:00',1537.96,1985),('1986-01-01 00:00:00',1557.81,1986),('1986-04-01 00:00:00',1583.02,1986),('1986-07-01 00:00:00',1625.34,1986),('1986-10-01 00:00:00',1625.42,1986),('1987-01-01 00:00:00',1646.04,1987),('1987-04-01 00:00:00',1671.58,1987),('1987-07-01 00:00:00',1686.72,1987),('1987-10-01 00:00:00',1720.34,1987),('1988-01-01 00:00:00',1734.53,1988),('1988-04-01 00:00:00',1750.07,1988),('1988-07-01 00:00:00',1762.32,1988),('1988-10-01 00:00:00',1810.92,1988),('1989-01-01 00:00:00',1844.66,1989),('1989-04-01 00:00:00',1882.38,1989),('1989-07-01 00:00:00',1914.59,1989),('1989-10-01 00:00:00',1946.35,1989),('1990-01-01 00:00:00',1998.20,1990),('1990-04-01 00:00:00',2033.14,1990),('1990-07-01 00:00:00',2059.88,1990),('1990-10-01 00:00:00',2130.47,1990),('1991-01-01 00:00:00',2069.79,1991),('1991-04-01 00:00:00',2147.78,1991),('1991-07-01 00:00:00',2209.80,1991),('1991-10-01 00:00:00',2239.21,1991),('1992-01-01 00:00:00',2294.84,1992),('1992-04-01 00:00:00',2326.57,1992),('1992-07-01 00:00:00',2355.72,1992),('1992-10-01 00:00:00',2379.83,1992),('1993-01-01 00:00:00',2383.92,1993),('1993-04-01 00:00:00',2398.12,1993),('1993-07-01 00:00:00',2423.52,1993),('1993-10-01 00:00:00',2445.45,1993),('1994-01-01 00:00:00',2429.86,1994),('1994-04-01 00:00:00',2460.32,1994),('1994-07-01 00:00:00',2508.24,1994),('1994-10-01 00:00:00',2544.70,1994),('1995-01-01 00:00:00',2582.42,1995),('1995-04-01 00:00:00',2610.52,1995),('1995-07-01 00:00:00',2598.78,1995),('1995-10-01 00:00:00',2615.40,1995),('1996-01-01 00:00:00',2669.98,1996),('1996-04-01 00:00:00',2695.20,1996),('1996-07-01 00:00:00',2701.80,1996),('1996-10-01 00:00:00',2720.88,1996),('1997-01-01 00:00:00',2740.53,1997),('1997-04-01 00:00:00',2741.55,1997),('1997-07-01 00:00:00',2784.97,1997),('1997-10-01 00:00:00',2822.36,1997),('1998-01-01 00:00:00',2809.43,1998),('1998-04-01 00:00:00',2837.50,1998),('1998-07-01 00:00:00',2866.20,1998),('1998-10-01 00:00:00',2909.22,1998),('1999-01-01 00:00:00',2931.92,1999),('1999-04-01 00:00:00',2960.59,1999),('1999-07-01 00:00:00',3003.41,1999),('1999-10-01 00:00:00',3087.40,1999),('2000-01-01 00:00:00',3075.69,2000),('2000-04-01 00:00:00',3132.46,2000),('2000-07-01 00:00:00',3152.80,2000),('2000-10-01 00:00:00',3207.26,2000),('2001-01-01 00:00:00',3280.70,2001),('2001-04-01 00:00:00',3358.64,2001),('2001-07-01 00:00:00',3375.62,2001),('2001-10-01 00:00:00',3434.66,2001),('2002-01-01 00:00:00',3506.48,2002),('2002-04-01 00:00:00',3554.21,2002),('2002-07-01 00:00:00',3596.97,2002),('2002-10-01 00:00:00',3683.17,2002),('2003-01-01 00:00:00',3747.96,2003),('2003-04-01 00:00:00',3806.84,2003),('2003-07-01 00:00:00',3837.34,2003),('2003-10-01 00:00:00',3872.24,2003),('2004-01-01 00:00:00',3951.58,2004),('2004-04-01 00:00:00',3981.49,2004),('2004-07-01 00:00:00',4049.46,2004),('2004-10-01 00:00:00',4095.11,2004),('2005-01-01 00:00:00',4195.55,2005),('2005-04-01 00:00:00',4239.65,2005),('2005-07-01 00:00:00',4364.34,2005),('2005-10-01 00:00:00',4414.45,2005),('2006-01-01 00:00:00',4453.62,2006),('2006-04-01 00:00:00',4516.55,2006),('2006-07-01 00:00:00',4563.98,2006),('2006-10-01 00:00:00',4545.73,2006),('2007-01-01 00:00:00',4752.19,2007),('2007-04-01 00:00:00',4801.86,2007),('2007-07-01 00:00:00',4849.27,2007),('2007-10-01 00:00:00',4931.23,2007),('2008-01-01 00:00:00',5000.18,2008),('2008-04-01 00:00:00',5365.07,2008),('2008-07-01 00:00:00',5258.60,2008),('2008-10-01 00:00:00',5419.03,2008),('2009-01-01 00:00:00',5486.32,2009),('2009-04-01 00:00:00',5682.23,2009),('2009-07-01 00:00:00',5655.25,2009),('2009-10-01 00:00:00',5713.16,2009),('2010-01-01 00:00:00',5820.40,2010),('2010-04-01 00:00:00',5862.87,2010),('2010-07-01 00:00:00',5811.14,2010),('2010-10-01 00:00:00',5839.37,2010),('2011-01-01 00:00:00',5859.50,2011),('2011-04-01 00:00:00',5918.37,2011),('2011-07-01 00:00:00',5837.92,2011),('2011-10-01 00:00:00',5872.70,2011),('2012-01-01 00:00:00',5834.96,2012),('2012-04-01 00:00:00',5831.69,2012),('2012-07-01 00:00:00',5801.41,2012),('2012-10-01 00:00:00',5901.71,2012),('2013-01-01 00:00:00',5832.06,2013),('2013-04-01 00:00:00',5848.98,2013),('2013-07-01 00:00:00',5867.31,2013),('2013-10-01 00:00:00',5868.15,2013),('2014-01-01 00:00:00',5915.82,2014),('2014-04-01 00:00:00',5981.99,2014),('2014-07-01 00:00:00',6042.50,2014),('2014-10-01 00:00:00',6068.54,2014),('2015-01-01 00:00:00',6068.25,2015),('2015-04-01 00:00:00',6086.45,2015),('2015-07-01 00:00:00',6266.55,2015),('2015-10-01 00:00:00',6242.37,2015),('2016-01-01 00:00:00',6313.51,2016),('2016-04-01 00:00:00',6320.87,2016),('2016-07-01 00:00:00',6410.41,2016),('2016-10-01 00:00:00',6465.53,2016),('2017-01-01 00:00:00',6526.93,2017),('2017-04-01 00:00:00',6525.90,2017),('2017-07-01 00:00:00',6623.28,2017),('2017-10-01 00:00:00',6713.61,2017),('2018-01-01 00:00:00',6806.73,2018),('2018-04-01 00:00:00',6901.58,2018),('2018-07-01 00:00:00',6971.02,2018),('2018-10-01 00:00:00',7042.21,2018),('2019-01-01 00:00:00',7149.65,2019),('2019-04-01 00:00:00',7292.51,2019),('2019-07-01 00:00:00',7359.54,2019),('2019-10-01 00:00:00',7426.94,2019);
/*!40000 ALTER TABLE `government_spending` ENABLE KEYS */;
UNLOCK TABLES;

--
-- Table structure for table `healthcare_expenses`
--

DROP TABLE IF EXISTS `healthcare_expenses`;
/*!40101 SET @saved_cs_client     = @@character_set_client */;
/*!40101 SET character_set_client = utf8 */;
CREATE TABLE `healthcare_expenses` (
  `year` bigint(20) NOT NULL,
  `spending` decimal(19,2) DEFAULT NULL,
  PRIMARY KEY (`year`)
) ENGINE=InnoDB DEFAULT CHARSET=latin1;
/*!40101 SET character_set_client = @saved_cs_client */;

--
-- Dumping data for table `healthcare_expenses`
--

LOCK TABLES `healthcare_expenses` WRITE;
/*!40000 ALTER TABLE `healthcare_expenses` DISABLE KEYS */;
INSERT INTO `healthcare_expenses` VALUES (1960,27214000000.00),(1961,29138000000.00),(1962,31842000000.00),(1963,34595000000.00),(1964,38394000000.00),(1965,41852000000.00),(1966,46081000000.00),(1967,51565000000.00),(1968,58402000000.00),(1969,65923000000.00),(1970,74563000000.00),(1971,82728000000.00),(1972,92657000000.00),(1973,102809000000.00),(1974,116545000000.00),(1975,133283000000.00),(1976,152742000000.00),(1977,173850000000.00),(1978,195332000000.00),(1979,221528000000.00),(1980,255331000000.00),(1981,296155000000.00),(1982,334044000000.00),(1983,367809000000.00),(1984,404995000000.00),(1985,442900000000.00),(1986,474686000000.00),(1987,516520000000.00),(1988,579278000000.00),(1989,644770000000.00),(1990,721393000000.00),(1991,788062000000.00),(1992,854068000000.00),(1993,916581000000.00),(1994,967219000000.00),(1995,1021635000000.00),(1996,1074408000000.00),(1997,1135229000000.00),(1998,1201460000000.00),(1999,1277725000000.00),(2000,1369171000000.00),(2001,1486207000000.00),(2002,1628684000000.00),(2003,1767637000000.00),(2004,1895788000000.00),(2005,2023814000000.00),(2006,2156203000000.00),(2007,2294407000000.00),(2008,2397055000000.00),(2009,2491765000000.00),(2010,2593160000000.00),(2011,2682596000000.00),(2012,2791076000000.00),(2013,2875035000000.00),(2014,3025363000000.00),(2015,3199561000000.00),(2016,3347424000000.00),(2017,3487284000000.00),(2018,3649386000000.00);
/*!40000 ALTER TABLE `healthcare_expenses` ENABLE KEYS */;
UNLOCK TABLES;

--
-- Table structure for table `journalists_killed`
--

DROP TABLE IF EXISTS `journalists_killed`;
/*!40101 SET @saved_cs_client     = @@character_set_client */;
/*!40101 SET character_set_client = utf8 */;
CREATE TABLE `journalists_killed` (
  `location` varchar(255) NOT NULL,
  `year` int(11) NOT NULL,
  `date` date DEFAULT NULL,
  `num_killed` int(11) NOT NULL,
  PRIMARY KEY (`location`,`year`)
) ENGINE=InnoDB DEFAULT CHARSET=latin1;
/*!40101 SET character_set_client = @saved_cs_client */;

--
-- Dumping data for table `journalists_killed`
--

LOCK TABLES `journalists_killed` WRITE;
/*!40000 ALTER TABLE `journalists_killed` DISABLE KEYS */;
INSERT INTO `journalists_killed` VALUES ('US',2001,'2000-12-31',2),('US',2007,'2006-12-31',1),('US',2015,'2014-12-31',2),('US',2016,'2015-12-31',1),('US',2018,'2017-12-31',6);
/*!40000 ALTER TABLE `journalists_killed` ENABLE KEYS */;
UNLOCK TABLES;

--
-- Table structure for table `manufacturing_employment`
--

DROP TABLE IF EXISTS `manufacturing_employment`;
/*!40101 SET @saved_cs_client     = @@character_set_client */;
/*!40101 SET character_set_client = utf8 */;
CREATE TABLE `manufacturing_employment` (
  `date` date NOT NULL,
  `amount` decimal(19,2) DEFAULT NULL,
  `year` bigint(20) NOT NULL,
  PRIMARY KEY (`date`)
) ENGINE=InnoDB DEFAULT CHARSET=latin1;
/*!40101 SET character_set_client = @saved_cs_client */;

--
-- Dumping data for table `manufacturing_employment`
--

LOCK TABLES `manufacturing_employment` WRITE;
/*!40000 ALTER TABLE `manufacturing_employment` DISABLE KEYS */;
INSERT INTO `manufacturing_employment` VALUES ('1939-01-01',9077.00,1939),('1939-02-01',9175.00,1939),('1939-03-01',9275.00,1939),('1939-04-01',9309.00,1939),('1939-05-01',9299.00,1939),('1939-06-01',9315.00,1939),('1939-07-01',9231.00,1939),('1939-08-01',9400.00,1939),('1939-09-01',9604.00,1939),('1939-10-01',9873.00,1939),('1939-11-01',9896.00,1939),('1939-12-01',9949.00,1939),('1940-01-01',9927.00,1940),('1940-02-01',9916.00,1940),('1940-03-01',9884.00,1940),('1940-04-01',9817.00,1940),('1940-05-01',9810.00,1940),('1940-06-01',9832.00,1940),('1940-07-01',9766.00,1940),('1940-08-01',10048.00,1940),('1940-09-01',10258.00,1940),('1940-10-01',10471.00,1940),('1940-11-01',10643.00,1940),('1940-12-01',10847.00,1940),('1941-01-01',10993.00,1941),('1941-02-01',11211.00,1941),('1941-03-01',11409.00,1941),('1941-04-01',11698.00,1941),('1941-05-01',11957.00,1941),('1941-06-01',12204.00,1941),('1941-07-01',12382.00,1941),('1941-08-01',12532.00,1941),('1941-09-01',12683.00,1941),('1941-10-01',12770.00,1941),('1941-11-01',12810.00,1941),('1941-12-01',12876.00,1941),('1942-01-01',12965.00,1942),('1942-02-01',13127.00,1942),('1942-03-01',13311.00,1942),('1942-04-01',13509.00,1942),('1942-05-01',13704.00,1942),('1942-06-01',13842.00,1942),('1942-07-01',14072.00,1942),('1942-08-01',14339.00,1942),('1942-09-01',14582.00,1942),('1942-10-01',14772.00,1942),('1942-11-01',14971.00,1942),('1942-12-01',15288.00,1942),('1943-01-01',15532.00,1943),('1943-02-01',15685.00,1943),('1943-03-01',15856.00,1943),('1943-04-01',15961.00,1943),('1943-05-01',16044.00,1943),('1943-06-01',16204.00,1943),('1943-07-01',16306.00,1943),('1943-08-01',16369.00,1943),('1943-09-01',16366.00,1943),('1943-10-01',16512.00,1943),('1943-11-01',16598.00,1943),('1943-12-01',16526.00,1943),('1944-01-01',16439.00,1944),('1944-02-01',16330.00,1944),('1944-03-01',16170.00,1944),('1944-04-01',16012.00,1944),('1944-05-01',15944.00,1944),('1944-06-01',15890.00,1944),('1944-07-01',15832.00,1944),('1944-08-01',15781.00,1944),('1944-09-01',15662.00,1944),('1944-10-01',15630.00,1944),('1944-11-01',15568.00,1944),('1944-12-01',15659.00,1944),('1945-01-01',15669.00,1945),('1945-02-01',15581.00,1945),('1945-03-01',15473.00,1945),('1945-04-01',15335.00,1945),('1945-05-01',15201.00,1945),('1945-06-01',14948.00,1945),('1945-07-01',14599.00,1945),('1945-08-01',14201.00,1945),('1945-09-01',12486.00,1945),('1945-10-01',12487.00,1945),('1945-11-01',12537.00,1945),('1945-12-01',12528.00,1945),('1946-01-01',12719.00,1946),('1946-02-01',11922.00,1946),('1946-03-01',12545.00,1946),('1946-04-01',13200.00,1946),('1946-05-01',13389.00,1946),('1946-06-01',13598.00,1946),('1946-07-01',13771.00,1946),('1946-08-01',13981.00,1946),('1946-09-01',14135.00,1946),('1946-10-01',14182.00,1946),('1946-11-01',14310.00,1946),('1946-12-01',14301.00,1946),('1947-01-01',14328.00,1947),('1947-02-01',14278.00,1947),('1947-03-01',14259.00,1947),('1947-04-01',14240.00,1947),('1947-05-01',14189.00,1947),('1947-06-01',14200.00,1947),('1947-07-01',14076.00,1947),('1947-08-01',14200.00,1947),('1947-09-01',14315.00,1947),('1947-10-01',14393.00,1947),('1947-11-01',14414.00,1947),('1947-12-01',14428.00,1947),('1948-01-01',14438.00,1948),('1948-02-01',14339.00,1948),('1948-03-01',14364.00,1948),('1948-04-01',14183.00,1948),('1948-05-01',14235.00,1948),('1948-06-01',14318.00,1948),('1948-07-01',14359.00,1948),('1948-08-01',14353.00,1948),('1948-09-01',14441.00,1948),('1948-10-01',14390.00,1948),('1948-11-01',14292.00,1948),('1948-12-01',14086.00,1948),('1949-01-01',13867.00,1949),('1949-02-01',13734.00,1949),('1949-03-01',13581.00,1949),('1949-04-01',13439.00,1949),('1949-05-01',13269.00,1949),('1949-06-01',13178.00,1949),('1949-07-01',13067.00,1949),('1949-08-01',13158.00,1949),('1949-09-01',13225.00,1949),('1949-10-01',12891.00,1949),('1949-11-01',12882.00,1949),('1949-12-01',13062.00,1949),('1950-01-01',13161.00,1950),('1950-02-01',13169.00,1950),('1950-03-01',13290.00,1950),('1950-04-01',13471.00,1950),('1950-05-01',13780.00,1950),('1950-06-01',13923.00,1950),('1950-07-01',14072.00,1950),('1950-08-01',14461.00,1950),('1950-09-01',14561.00,1950),('1950-10-01',14737.00,1950),('1950-11-01',14762.00,1950),('1950-12-01',14782.00,1950),('1951-01-01',14950.00,1951),('1951-02-01',15076.00,1951),('1951-03-01',15125.00,1951),('1951-04-01',15166.00,1951),('1951-05-01',15164.00,1951),('1951-06-01',15176.00,1951),('1951-07-01',15110.00,1951),('1951-08-01',15061.00,1951),('1951-09-01',14996.00,1951),('1951-10-01',14973.00,1951),('1951-11-01',14999.00,1951),('1951-12-01',15045.00,1951),('1952-01-01',15067.00,1952),('1952-02-01',15105.00,1952),('1952-03-01',15127.00,1952),('1952-04-01',15162.00,1952),('1952-05-01',15143.00,1952),('1952-06-01',14828.00,1952),('1952-07-01',14707.00,1952),('1952-08-01',15279.00,1952),('1952-09-01',15553.00,1952),('1952-10-01',15690.00,1952),('1952-11-01',15843.00,1952),('1952-12-01',15973.00,1952),('1953-01-01',16067.00,1953),('1953-02-01',16158.00,1953),('1953-03-01',16270.00,1953),('1953-04-01',16293.00,1953),('1953-05-01',16341.00,1953),('1953-06-01',16343.00,1953),('1953-07-01',16353.00,1953),('1953-08-01',16278.00,1953),('1953-09-01',16151.00,1953),('1953-10-01',15981.00,1953),('1953-11-01',15728.00,1953),('1953-12-01',15581.00,1953),('1954-01-01',15440.00,1954),('1954-02-01',15307.00,1954),('1954-03-01',15197.00,1954),('1954-04-01',15065.00,1954),('1954-05-01',14974.00,1954),('1954-06-01',14910.00,1954),('1954-07-01',14799.00,1954),('1954-08-01',14772.00,1954),('1954-09-01',14805.00,1954),('1954-10-01',14841.00,1954),('1954-11-01',14913.00,1954),('1954-12-01',14967.00,1954),('1955-01-01',15034.00,1955),('1955-02-01',15138.00,1955),('1955-03-01',15258.00,1955),('1955-04-01',15375.00,1955),('1955-05-01',15493.00,1955),('1955-06-01',15585.00,1955),('1955-07-01',15614.00,1955),('1955-08-01',15679.00,1955),('1955-09-01',15668.00,1955),('1955-10-01',15740.00,1955),('1955-11-01',15813.00,1955),('1955-12-01',15859.00,1955),('1956-01-01',15882.00,1956),('1956-02-01',15889.00,1956),('1956-03-01',15829.00,1956),('1956-04-01',15909.00,1956),('1956-05-01',15893.00,1956),('1956-06-01',15835.00,1956),('1956-07-01',15468.00,1956),('1956-08-01',15893.00,1956),('1956-09-01',15863.00,1956),('1956-10-01',15937.00,1956),('1956-11-01',15916.00,1956),('1956-12-01',15957.00,1956),('1957-01-01',15970.00,1957),('1957-02-01',15998.00,1957),('1957-03-01',15994.00,1957),('1957-04-01',15970.00,1957),('1957-05-01',15931.00,1957),('1957-06-01',15873.00,1957),('1957-07-01',15854.00,1957),('1957-08-01',15867.00,1957),('1957-09-01',15710.00,1957),('1957-10-01',15599.00,1957),('1957-11-01',15466.00,1957),('1957-12-01',15332.00,1957),('1958-01-01',15130.00,1958),('1958-02-01',14908.00,1958),('1958-03-01',14670.00,1958),('1958-04-01',14506.00,1958),('1958-05-01',14414.00,1958),('1958-06-01',14408.00,1958),('1958-07-01',14450.00,1958),('1958-08-01',14524.00,1958),('1958-09-01',14658.00,1958),('1958-10-01',14503.00,1958),('1958-11-01',14827.00,1958),('1958-12-01',14877.00,1958),('1959-01-01',14998.00,1959),('1959-02-01',15115.00,1959),('1959-03-01',15259.00,1959),('1959-04-01',15385.00,1959),('1959-05-01',15487.00,1959),('1959-06-01',15554.00,1959),('1959-07-01',15623.00,1959),('1959-08-01',15202.00,1959),('1959-09-01',15254.00,1959),('1959-10-01',15158.00,1959),('1959-11-01',15300.00,1959),('1959-12-01',15573.00,1959),('1960-01-01',15687.00,1960),('1960-02-01',15765.00,1960),('1960-03-01',15707.00,1960),('1960-04-01',15654.00,1960),('1960-05-01',15575.00,1960),('1960-06-01',15466.00,1960),('1960-07-01',15413.00,1960),('1960-08-01',15360.00,1960),('1960-09-01',15330.00,1960),('1960-10-01',15231.00,1960),('1960-11-01',15112.00,1960),('1960-12-01',14947.00,1960),('1961-01-01',14863.00,1961),('1961-02-01',14801.00,1961),('1961-03-01',14802.00,1961),('1961-04-01',14825.00,1961),('1961-05-01',14932.00,1961),('1961-06-01',14981.00,1961),('1961-07-01',15029.00,1961),('1961-08-01',15093.00,1961),('1961-09-01',15080.00,1961),('1961-10-01',15143.00,1961),('1961-11-01',15259.00,1961),('1961-12-01',15309.00,1961),('1962-01-01',15322.00,1962),('1962-02-01',15411.00,1962),('1962-03-01',15451.00,1962),('1962-04-01',15524.00,1962),('1962-05-01',15513.00,1962),('1962-06-01',15518.00,1962),('1962-07-01',15522.00,1962),('1962-08-01',15517.00,1962),('1962-09-01',15568.00,1962),('1962-10-01',15569.00,1962),('1962-11-01',15530.00,1962),('1962-12-01',15520.00,1962),('1963-01-01',15545.00,1963),('1963-02-01',15542.00,1963),('1963-03-01',15564.00,1963),('1963-04-01',15602.00,1963),('1963-05-01',15641.00,1963),('1963-06-01',15624.00,1963),('1963-07-01',15646.00,1963),('1963-08-01',15644.00,1963),('1963-09-01',15674.00,1963),('1963-10-01',15714.00,1963),('1963-11-01',15675.00,1963),('1963-12-01',15712.00,1963),('1964-01-01',15715.00,1964),('1964-02-01',15742.00,1964),('1964-03-01',15770.00,1964),('1964-04-01',15785.00,1964),('1964-05-01',15812.00,1964),('1964-06-01',15839.00,1964),('1964-07-01',15887.00,1964),('1964-08-01',15948.00,1964),('1964-09-01',16073.00,1964),('1964-10-01',15821.00,1964),('1964-11-01',16096.00,1964),('1964-12-01',16176.00,1964),('1965-01-01',16245.00,1965),('1965-02-01',16291.00,1965),('1965-03-01',16353.00,1965),('1965-04-01',16418.00,1965),('1965-05-01',16477.00,1965),('1965-06-01',16554.00,1965),('1965-07-01',16669.00,1965),('1965-08-01',16732.00,1965),('1965-09-01',16802.00,1965),('1965-10-01',16864.00,1965),('1965-11-01',16962.00,1965),('1965-12-01',17051.00,1965),('1966-01-01',17143.00,1966),('1966-02-01',17288.00,1966),('1966-03-01',17400.00,1966),('1966-04-01',17517.00,1966),('1966-05-01',17625.00,1966),('1966-06-01',17733.00,1966),('1966-07-01',17760.00,1966),('1966-08-01',17882.00,1966),('1966-09-01',17886.00,1966),('1966-10-01',17956.00,1966),('1966-11-01',17981.00,1966),('1966-12-01',17998.00,1966),('1967-01-01',18033.00,1967),('1967-02-01',17978.00,1967),('1967-03-01',17940.00,1967),('1967-04-01',17878.00,1967),('1967-05-01',17832.00,1967),('1967-06-01',17812.00,1967),('1967-07-01',17784.00,1967),('1967-08-01',17905.00,1967),('1967-09-01',17794.00,1967),('1967-10-01',17800.00,1967),('1967-11-01',17985.00,1967),('1967-12-01',18025.00,1967),('1968-01-01',18040.00,1968),('1968-02-01',18054.00,1968),('1968-03-01',18067.00,1968),('1968-04-01',18131.00,1968),('1968-05-01',18190.00,1968),('1968-06-01',18228.00,1968),('1968-07-01',18265.00,1968),('1968-08-01',18254.00,1968),('1968-09-01',18252.00,1968),('1968-10-01',18293.00,1968),('1968-11-01',18346.00,1968),('1968-12-01',18410.00,1968),('1969-01-01',18432.00,1969),('1969-02-01',18502.00,1969),('1969-03-01',18558.00,1969),('1969-04-01',18554.00,1969),('1969-05-01',18588.00,1969),('1969-06-01',18640.00,1969),('1969-07-01',18642.00,1969),('1969-08-01',18767.00,1969),('1969-09-01',18620.00,1969),('1969-10-01',18613.00,1969),('1969-11-01',18467.00,1969),('1969-12-01',18485.00,1969),('1970-01-01',18424.00,1970),('1970-02-01',18361.00,1970),('1970-03-01',18360.00,1970),('1970-04-01',18207.00,1970),('1970-05-01',18029.00,1970),('1970-06-01',17930.00,1970),('1970-07-01',17877.00,1970),('1970-08-01',17779.00,1970),('1970-09-01',17692.00,1970),('1970-10-01',17173.00,1970),('1970-11-01',17024.00,1970),('1970-12-01',17309.00,1970),('1971-01-01',17280.00,1971),('1971-02-01',17216.00,1971),('1971-03-01',17154.00,1971),('1971-04-01',17149.00,1971),('1971-05-01',17225.00,1971),('1971-06-01',17139.00,1971),('1971-07-01',17126.00,1971),('1971-08-01',17115.00,1971),('1971-09-01',17154.00,1971),('1971-10-01',17126.00,1971),('1971-11-01',17166.00,1971),('1971-12-01',17202.00,1971),('1972-01-01',17283.00,1972),('1972-02-01',17361.00,1972),('1972-03-01',17447.00,1972),('1972-04-01',17508.00,1972),('1972-05-01',17602.00,1972),('1972-06-01',17641.00,1972),('1972-07-01',17556.00,1972),('1972-08-01',17741.00,1972),('1972-09-01',17774.00,1972),('1972-10-01',17893.00,1972),('1972-11-01',18005.00,1972),('1972-12-01',18158.00,1972),('1973-01-01',18276.00,1973),('1973-02-01',18410.00,1973),('1973-03-01',18493.00,1973),('1973-04-01',18530.00,1973),('1973-05-01',18564.00,1973),('1973-06-01',18606.00,1973),('1973-07-01',18598.00,1973),('1973-08-01',18629.00,1973),('1973-09-01',18609.00,1973),('1973-10-01',18702.00,1973),('1973-11-01',18773.00,1973),('1973-12-01',18820.00,1973),('1974-01-01',18788.00,1974),('1974-02-01',18727.00,1974),('1974-03-01',18700.00,1974),('1974-04-01',18702.00,1974),('1974-05-01',18688.00,1974),('1974-06-01',18690.00,1974),('1974-07-01',18656.00,1974),('1974-08-01',18570.00,1974),('1974-09-01',18492.00,1974),('1974-10-01',18364.00,1974),('1974-11-01',18077.00,1974),('1974-12-01',17693.00,1974),('1975-01-01',17344.00,1975),('1975-02-01',17004.00,1975),('1975-03-01',16853.00,1975),('1975-04-01',16759.00,1975),('1975-05-01',16746.00,1975),('1975-06-01',16690.00,1975),('1975-07-01',16678.00,1975),('1975-08-01',16824.00,1975),('1975-09-01',16904.00,1975),('1975-10-01',16984.00,1975),('1975-11-01',17025.00,1975),('1975-12-01',17140.00,1975),('1976-01-01',17287.00,1976),('1976-02-01',17384.00,1976),('1976-03-01',17470.00,1976),('1976-04-01',17541.00,1976),('1976-05-01',17513.00,1976),('1976-06-01',17521.00,1976),('1976-07-01',17524.00,1976),('1976-08-01',17596.00,1976),('1976-09-01',17665.00,1976),('1976-10-01',17548.00,1976),('1976-11-01',17682.00,1976),('1976-12-01',17719.00,1976),('1977-01-01',17803.00,1977),('1977-02-01',17843.00,1977),('1977-03-01',17941.00,1977),('1977-04-01',18024.00,1977),('1977-05-01',18107.00,1977),('1977-06-01',18192.00,1977),('1977-07-01',18259.00,1977),('1977-08-01',18276.00,1977),('1977-09-01',18334.00,1977),('1977-10-01',18356.00,1977),('1977-11-01',18419.00,1977),('1977-12-01',18531.00,1977),('1978-01-01',18593.00,1978),('1978-02-01',18639.00,1978),('1978-03-01',18699.00,1978),('1978-04-01',18772.00,1978),('1978-05-01',18848.00,1978),('1978-06-01',18919.00,1978),('1978-07-01',18951.00,1978),('1978-08-01',19006.00,1978),('1978-09-01',19068.00,1978),('1978-10-01',19142.00,1978),('1978-11-01',19257.00,1978),('1978-12-01',19334.00,1978),('1979-01-01',19388.00,1979),('1979-02-01',19409.00,1979),('1979-03-01',19453.00,1979),('1979-04-01',19450.00,1979),('1979-05-01',19509.00,1979),('1979-06-01',19553.00,1979),('1979-07-01',19531.00,1979),('1979-08-01',19406.00,1979),('1979-09-01',19442.00,1979),('1979-10-01',19390.00,1979),('1979-11-01',19299.00,1979),('1979-12-01',19301.00,1979),('1980-01-01',19282.00,1980),('1980-02-01',19219.00,1980),('1980-03-01',19217.00,1980),('1980-04-01',18973.00,1980),('1980-05-01',18726.00,1980),('1980-06-01',18490.00,1980),('1980-07-01',18276.00,1980),('1980-08-01',18414.00,1980),('1980-09-01',18445.00,1980),('1980-10-01',18506.00,1980),('1980-11-01',18601.00,1980),('1980-12-01',18640.00,1980),('1981-01-01',18639.00,1981),('1981-02-01',18613.00,1981),('1981-03-01',18647.00,1981),('1981-04-01',18711.00,1981),('1981-05-01',18766.00,1981),('1981-06-01',18789.00,1981),('1981-07-01',18785.00,1981),('1981-08-01',18748.00,1981),('1981-09-01',18712.00,1981),('1981-10-01',18566.00,1981),('1981-11-01',18409.00,1981),('1981-12-01',18223.00,1981),('1982-01-01',18047.00,1982),('1982-02-01',17981.00,1982),('1982-03-01',17857.00,1982),('1982-04-01',17683.00,1982),('1982-05-01',17588.00,1982),('1982-06-01',17430.00,1982),('1982-07-01',17278.00,1982),('1982-08-01',17160.00,1982),('1982-09-01',17074.00,1982),('1982-10-01',16853.00,1982),('1982-11-01',16722.00,1982),('1982-12-01',16690.00,1982),('1983-01-01',16705.00,1983),('1983-02-01',16706.00,1983),('1983-03-01',16711.00,1983),('1983-04-01',16794.00,1983),('1983-05-01',16885.00,1983),('1983-06-01',16960.00,1983),('1983-07-01',17059.00,1983),('1983-08-01',17118.00,1983),('1983-09-01',17255.00,1983),('1983-10-01',17367.00,1983),('1983-11-01',17479.00,1983),('1983-12-01',17551.00,1983),('1984-01-01',17630.00,1984),('1984-02-01',17728.00,1984),('1984-03-01',17806.00,1984),('1984-04-01',17872.00,1984),('1984-05-01',17916.00,1984),('1984-06-01',17967.00,1984),('1984-07-01',18013.00,1984),('1984-08-01',18034.00,1984),('1984-09-01',18019.00,1984),('1984-10-01',18024.00,1984),('1984-11-01',18016.00,1984),('1984-12-01',18023.00,1984),('1985-01-01',18009.00,1985),('1985-02-01',17966.00,1985),('1985-03-01',17939.00,1985),('1985-04-01',17886.00,1985),('1985-05-01',17855.00,1985),('1985-06-01',17819.00,1985),('1985-07-01',17776.00,1985),('1985-08-01',17756.00,1985),('1985-09-01',17718.00,1985),('1985-10-01',17708.00,1985),('1985-11-01',17697.00,1985),('1985-12-01',17693.00,1985),('1986-01-01',17686.00,1986),('1986-02-01',17663.00,1986),('1986-03-01',17624.00,1986),('1986-04-01',17616.00,1986),('1986-05-01',17593.00,1986),('1986-06-01',17530.00,1986),('1986-07-01',17497.00,1986),('1986-08-01',17489.00,1986),('1986-09-01',17498.00,1986),('1986-10-01',17477.00,1986),('1986-11-01',17472.00,1986),('1986-12-01',17478.00,1986),('1987-01-01',17465.00,1987),('1987-02-01',17499.00,1987),('1987-03-01',17507.00,1987),('1987-04-01',17525.00,1987),('1987-05-01',17542.00,1987),('1987-06-01',17537.00,1987),('1987-07-01',17593.00,1987),('1987-08-01',17630.00,1987),('1987-09-01',17691.00,1987),('1987-10-01',17729.00,1987),('1987-11-01',17775.00,1987),('1987-12-01',17809.00,1987),('1988-01-01',17790.00,1988),('1988-02-01',17823.00,1988),('1988-03-01',17844.00,1988),('1988-04-01',17874.00,1988),('1988-05-01',17892.00,1988),('1988-06-01',17916.00,1988),('1988-07-01',17926.00,1988),('1988-08-01',17891.00,1988),('1988-09-01',17914.00,1988),('1988-10-01',17966.00,1988),('1988-11-01',18003.00,1988),('1988-12-01',18025.00,1988),('1989-01-01',18057.00,1989),('1989-02-01',18055.00,1989),('1989-03-01',18060.00,1989),('1989-04-01',18055.00,1989),('1989-05-01',18040.00,1989),('1989-06-01',18013.00,1989),('1989-07-01',17980.00,1989),('1989-08-01',17964.00,1989),('1989-09-01',17922.00,1989),('1989-10-01',17895.00,1989),('1989-11-01',17886.00,1989),('1989-12-01',17881.00,1989),('1990-01-01',17797.00,1990),('1990-02-01',17893.00,1990),('1990-03-01',17868.00,1990),('1990-04-01',17845.00,1990),('1990-05-01',17797.00,1990),('1990-06-01',17776.00,1990),('1990-07-01',17704.00,1990),('1990-08-01',17649.00,1990),('1990-09-01',17609.00,1990),('1990-10-01',17577.00,1990),('1990-11-01',17428.00,1990),('1990-12-01',17395.00,1990),('1991-01-01',17330.00,1991),('1991-02-01',17211.00,1991),('1991-03-01',17140.00,1991),('1991-04-01',17093.00,1991),('1991-05-01',17070.00,1991),('1991-06-01',17044.00,1991),('1991-07-01',17015.00,1991),('1991-08-01',17025.00,1991),('1991-09-01',17010.00,1991),('1991-10-01',16999.00,1991),('1991-11-01',16961.00,1991),('1991-12-01',16916.00,1991),('1992-01-01',16839.00,1992),('1992-02-01',16829.00,1992),('1992-03-01',16805.00,1992),('1992-04-01',16831.00,1992),('1992-05-01',16835.00,1992),('1992-06-01',16826.00,1992),('1992-07-01',16819.00,1992),('1992-08-01',16783.00,1992),('1992-09-01',16761.00,1992),('1992-10-01',16751.00,1992),('1992-11-01',16758.00,1992),('1992-12-01',16769.00,1992),('1993-01-01',16791.00,1993),('1993-02-01',16805.00,1993),('1993-03-01',16795.00,1993),('1993-04-01',16772.00,1993),('1993-05-01',16766.00,1993),('1993-06-01',16742.00,1993),('1993-07-01',16739.00,1993),('1993-08-01',16741.00,1993),('1993-09-01',16769.00,1993),('1993-10-01',16778.00,1993),('1993-11-01',16800.00,1993),('1993-12-01',16815.00,1993),('1994-01-01',16855.00,1994),('1994-02-01',16862.00,1994),('1994-03-01',16897.00,1994),('1994-04-01',16933.00,1994),('1994-05-01',16962.00,1994),('1994-06-01',17010.00,1994),('1994-07-01',17026.00,1994),('1994-08-01',17081.00,1994),('1994-09-01',17115.00,1994),('1994-10-01',17144.00,1994),('1994-11-01',17186.00,1994),('1994-12-01',17217.00,1994),('1995-01-01',17262.00,1995),('1995-02-01',17265.00,1995),('1995-03-01',17263.00,1995),('1995-04-01',17278.00,1995),('1995-05-01',17259.00,1995),('1995-06-01',17247.00,1995),('1995-07-01',17218.00,1995),('1995-08-01',17240.00,1995),('1995-09-01',17247.00,1995),('1995-10-01',17216.00,1995),('1995-11-01',17209.00,1995),('1995-12-01',17231.00,1995),('1996-01-01',17208.00,1996),('1996-02-01',17229.00,1996),('1996-03-01',17193.00,1996),('1996-04-01',17204.00,1996),('1996-05-01',17222.00,1996),('1996-06-01',17226.00,1996),('1996-07-01',17223.00,1996),('1996-08-01',17255.00,1996),('1996-09-01',17252.00,1996),('1996-10-01',17268.00,1996),('1996-11-01',17277.00,1996),('1996-12-01',17284.00,1996),('1997-01-01',17297.00,1997),('1997-02-01',17316.00,1997),('1997-03-01',17340.00,1997),('1997-04-01',17349.00,1997),('1997-05-01',17362.00,1997),('1997-06-01',17387.00,1997),('1997-07-01',17389.00,1997),('1997-08-01',17452.00,1997),('1997-09-01',17465.00,1997),('1997-10-01',17513.00,1997),('1997-11-01',17556.00,1997),('1997-12-01',17588.00,1997),('1998-01-01',17619.00,1998),('1998-02-01',17627.00,1998),('1998-03-01',17637.00,1998),('1998-04-01',17637.00,1998),('1998-05-01',17624.00,1998),('1998-06-01',17608.00,1998),('1998-07-01',17422.00,1998),('1998-08-01',17563.00,1998),('1998-09-01',17557.00,1998),('1998-10-01',17512.00,1998),('1998-11-01',17465.00,1998),('1998-12-01',17449.00,1998),('1999-01-01',17427.00,1999),('1999-02-01',17395.00,1999),('1999-03-01',17368.00,1999),('1999-04-01',17344.00,1999),('1999-05-01',17333.00,1999),('1999-06-01',17295.00,1999),('1999-07-01',17308.00,1999),('1999-08-01',17287.00,1999),('1999-09-01',17281.00,1999),('1999-10-01',17272.00,1999),('1999-11-01',17282.00,1999),('1999-12-01',17280.00,1999),('2000-01-01',17284.00,2000),('2000-02-01',17285.00,2000),('2000-03-01',17302.00,2000),('2000-04-01',17298.00,2000),('2000-05-01',17279.00,2000),('2000-06-01',17296.00,2000),('2000-07-01',17322.00,2000),('2000-08-01',17287.00,2000),('2000-09-01',17230.00,2000),('2000-10-01',17217.00,2000),('2000-11-01',17202.00,2000),('2000-12-01',17181.00,2000),('2001-01-01',17104.00,2001),('2001-02-01',17028.00,2001),('2001-03-01',16938.00,2001),('2001-04-01',16802.00,2001),('2001-05-01',16661.00,2001),('2001-06-01',16515.00,2001),('2001-07-01',16382.00,2001),('2001-08-01',16232.00,2001),('2001-09-01',16117.00,2001),('2001-10-01',15972.00,2001),('2001-11-01',15825.00,2001),('2001-12-01',15711.00,2001),('2002-01-01',15587.00,2002),('2002-02-01',15515.00,2002),('2002-03-01',15443.00,2002),('2002-04-01',15392.00,2002),('2002-05-01',15337.00,2002),('2002-06-01',15298.00,2002),('2002-07-01',15256.00,2002),('2002-08-01',15171.00,2002),('2002-09-01',15119.00,2002),('2002-10-01',15060.00,2002),('2002-11-01',14992.00,2002),('2002-12-01',14912.00,2002),('2003-01-01',14866.00,2003),('2003-02-01',14781.00,2003),('2003-03-01',14721.00,2003),('2003-04-01',14609.00,2003),('2003-05-01',14557.00,2003),('2003-06-01',14493.00,2003),('2003-07-01',14402.00,2003),('2003-08-01',14376.00,2003),('2003-09-01',14347.00,2003),('2003-10-01',14334.00,2003),('2003-11-01',14316.00,2003),('2003-12-01',14300.00,2003),('2004-01-01',14290.00,2004),('2004-02-01',14279.00,2004),('2004-03-01',14287.00,2004),('2004-04-01',14315.00,2004),('2004-05-01',14342.00,2004),('2004-06-01',14332.00,2004),('2004-07-01',14330.00,2004),('2004-08-01',14345.00,2004),('2004-09-01',14331.00,2004),('2004-10-01',14332.00,2004),('2004-11-01',14307.00,2004),('2004-12-01',14287.00,2004),('2005-01-01',14257.00,2005),('2005-02-01',14273.00,2005),('2005-03-01',14269.00,2005),('2005-04-01',14250.00,2005),('2005-05-01',14256.00,2005),('2005-06-01',14227.00,2005),('2005-07-01',14226.00,2005),('2005-08-01',14203.00,2005),('2005-09-01',14175.00,2005),('2005-10-01',14192.00,2005),('2005-11-01',14187.00,2005),('2005-12-01',14193.00,2005),('2006-01-01',14210.00,2006),('2006-02-01',14209.00,2006),('2006-03-01',14214.00,2006),('2006-04-01',14226.00,2006),('2006-05-01',14203.00,2006),('2006-06-01',14213.00,2006),('2006-07-01',14188.00,2006),('2006-08-01',14159.00,2006),('2006-09-01',14125.00,2006),('2006-10-01',14075.00,2006),('2006-11-01',14041.00,2006),('2006-12-01',14015.00,2006),('2007-01-01',14008.00,2007),('2007-02-01',13997.00,2007),('2007-03-01',13970.00,2007),('2007-04-01',13945.00,2007),('2007-05-01',13929.00,2007),('2007-06-01',13911.00,2007),('2007-07-01',13889.00,2007),('2007-08-01',13828.00,2007),('2007-09-01',13790.00,2007),('2007-10-01',13764.00,2007),('2007-11-01',13757.00,2007),('2007-12-01',13746.00,2007),('2008-01-01',13725.00,2008),('2008-02-01',13696.00,2008),('2008-03-01',13659.00,2008),('2008-04-01',13599.00,2008),('2008-05-01',13564.00,2008),('2008-06-01',13504.00,2008),('2008-07-01',13430.00,2008),('2008-08-01',13358.00,2008),('2008-09-01',13275.00,2008),('2008-10-01',13147.00,2008),('2008-11-01',13034.00,2008),('2008-12-01',12850.00,2008),('2009-01-01',12561.00,2009),('2009-02-01',12380.00,2009),('2009-03-01',12208.00,2009),('2009-04-01',12030.00,2009),('2009-05-01',11862.00,2009),('2009-06-01',11726.00,2009),('2009-07-01',11668.00,2009),('2009-08-01',11626.00,2009),('2009-09-01',11591.00,2009),('2009-10-01',11538.00,2009),('2009-11-01',11509.00,2009),('2009-12-01',11475.00,2009),('2010-01-01',11460.00,2010),('2010-02-01',11453.00,2010),('2010-03-01',11453.00,2010),('2010-04-01',11489.00,2010),('2010-05-01',11525.00,2010),('2010-06-01',11545.00,2010),('2010-07-01',11561.00,2010),('2010-08-01',11553.00,2010),('2010-09-01',11563.00,2010),('2010-10-01',11562.00,2010),('2010-11-01',11585.00,2010),('2010-12-01',11595.00,2010),('2011-01-01',11621.00,2011),('2011-02-01',11654.00,2011),('2011-03-01',11675.00,2011),('2011-04-01',11704.00,2011),('2011-05-01',11713.00,2011),('2011-06-01',11727.00,2011),('2011-07-01',11746.00,2011),('2011-08-01',11764.00,2011),('2011-09-01',11769.00,2011),('2011-10-01',11780.00,2011),('2011-11-01',11770.00,2011),('2011-12-01',11802.00,2011),('2012-01-01',11838.00,2012),('2012-02-01',11860.00,2012),('2012-03-01',11898.00,2012),('2012-04-01',11916.00,2012),('2012-05-01',11927.00,2012),('2012-06-01',11936.00,2012),('2012-07-01',11964.00,2012),('2012-08-01',11960.00,2012),('2012-09-01',11954.00,2012),('2012-10-01',11961.00,2012),('2012-11-01',11950.00,2012),('2012-12-01',11960.00,2012),('2013-01-01',11983.00,2013),('2013-02-01',11996.00,2013),('2013-03-01',11999.00,2013),('2013-04-01',12000.00,2013),('2013-05-01',12000.00,2013),('2013-06-01',12004.00,2013),('2013-07-01',11984.00,2013),('2013-08-01',12014.00,2013),('2013-09-01',12032.00,2013),('2013-10-01',12056.00,2013),('2013-11-01',12079.00,2013),('2013-12-01',12083.00,2013),('2014-01-01',12081.00,2014),('2014-02-01',12106.00,2014),('2014-03-01',12120.00,2014),('2014-04-01',12134.00,2014),('2014-05-01',12146.00,2014),('2014-06-01',12170.00,2014),('2014-07-01',12189.00,2014),('2014-08-01',12208.00,2014),('2014-09-01',12226.00,2014),('2014-10-01',12259.00,2014),('2014-11-01',12284.00,2014),('2014-12-01',12292.00,2014),('2015-01-01',12292.00,2015),('2015-02-01',12301.00,2015),('2015-03-01',12312.00,2015),('2015-04-01',12318.00,2015),('2015-05-01',12333.00,2015),('2015-06-01',12334.00,2015),('2015-07-01',12349.00,2015),('2015-08-01',12345.00,2015),('2015-09-01',12354.00,2015),('2015-10-01',12362.00,2015),('2015-11-01',12357.00,2015),('2015-12-01',12362.00,2015),('2016-01-01',12379.00,2016),('2016-02-01',12367.00,2016),('2016-03-01',12345.00,2016),('2016-04-01',12349.00,2016),('2016-05-01',12332.00,2016),('2016-06-01',12351.00,2016),('2016-07-01',12369.00,2016),('2016-08-01',12348.00,2016),('2016-09-01',12347.00,2016),('2016-10-01',12347.00,2016),('2016-11-01',12342.00,2016),('2016-12-01',12356.00,2016),('2017-01-01',12369.00,2017),('2017-02-01',12384.00,2017),('2017-03-01',12395.00,2017),('2017-04-01',12400.00,2017),('2017-05-01',12406.00,2017),('2017-06-01',12418.00,2017),('2017-07-01',12417.00,2017),('2017-08-01',12461.00,2017),('2017-09-01',12470.00,2017),('2017-10-01',12492.00,2017),('2017-11-01',12514.00,2017),('2017-12-01',12541.00,2017),('2018-01-01',12558.00,2018),('2018-02-01',12588.00,2018),('2018-03-01',12611.00,2018),('2018-04-01',12632.00,2018),('2018-05-01',12658.00,2018),('2018-06-01',12687.00,2018),('2018-07-01',12706.00,2018),('2018-08-01',12719.00,2018),('2018-09-01',12740.00,2018),('2018-10-01',12764.00,2018),('2018-11-01',12784.00,2018),('2018-12-01',12805.00,2018),('2019-01-01',12825.00,2019),('2019-02-01',12830.00,2019),('2019-03-01',12827.00,2019),('2019-04-01',12829.00,2019),('2019-05-01',12829.00,2019),('2019-06-01',12838.00,2019),('2019-07-01',12845.00,2019),('2019-08-01',12848.00,2019),('2019-09-01',12851.00,2019),('2019-10-01',12810.00,2019),('2019-11-01',12868.00,2019),('2019-12-01',12863.00,2019),('2020-01-01',12851.00,2020);
/*!40000 ALTER TABLE `manufacturing_employment` ENABLE KEYS */;
UNLOCK TABLES;

--
-- Table structure for table `opiod_overdoses`
--

DROP TABLE IF EXISTS `opiod_overdoses`;
/*!40101 SET @saved_cs_client     = @@character_set_client */;
/*!40101 SET character_set_client = utf8 */;
CREATE TABLE `opiod_overdoses` (
  `year` int(11) NOT NULL,
  `rate` decimal(19,2) DEFAULT NULL,
  `type` varchar(255) DEFAULT NULL,
  PRIMARY KEY (`year`)
) ENGINE=InnoDB DEFAULT CHARSET=latin1;
/*!40101 SET character_set_client = @saved_cs_client */;

--
-- Dumping data for table `opiod_overdoses`
--

LOCK TABLES `opiod_overdoses` WRITE;
/*!40000 ALTER TABLE `opiod_overdoses` DISABLE KEYS */;
/*!40000 ALTER TABLE `opiod_overdoses` ENABLE KEYS */;
UNLOCK TABLES;

--
-- Table structure for table `retirement_savings`
--

DROP TABLE IF EXISTS `retirement_savings`;
/*!40101 SET @saved_cs_client     = @@character_set_client */;
/*!40101 SET character_set_client = utf8 */;
CREATE TABLE `retirement_savings` (
  `year` bigint(20) NOT NULL,
  `assets401k` decimal(19,2) DEFAULT NULL,
  `contributions401k` decimal(19,2) DEFAULT NULL,
  `participants401k` decimal(19,2) DEFAULT NULL,
  PRIMARY KEY (`year`)
) ENGINE=InnoDB DEFAULT CHARSET=latin1;
/*!40101 SET character_set_client = @saved_cs_client */;

--
-- Dumping data for table `retirement_savings`
--

LOCK TABLES `retirement_savings` WRITE;
/*!40000 ALTER TABLE `retirement_savings` DISABLE KEYS */;
INSERT INTO `retirement_savings` VALUES (1984,91754000000.00,39559093957.22,7526000.00),(1985,143939000000.00,56960690946.32,10315000.00),(1986,182784000000.00,66806342713.75,11528000.00),(1987,215477000000.00,73746735629.54,13091000.00),(1988,276995000000.00,84116973781.51,15151000.00),(1989,357015000000.00,93884383101.29,17271000.00),(1990,384854000000.00,95082960396.27,19466000.00),(1991,440259000000.00,95200316467.98,19039000.00),(1992,552959000000.00,115390621583.29,22293000.00),(1993,616316000000.00,120655546898.19,20015000.00),(1994,674681000000.00,128688246390.13,25062000.00),(1995,863918000000.00,144208828376.73,27759000.00),(1996,1061490000000.00,166856872549.40,30643000.00),(1997,1264170000000.00,180811505182.29,33633000.00),(1998,1540980000000.00,207107974514.01,36846000.00),(1999,1790260000000.00,229324958012.08,38619000.00),(2000,1724550000000.00,247524883956.86,39847000.00),(2001,1682220000000.00,247099756038.96,41962000.00),(2002,1573080000000.00,253706224972.05,43158000.00),(2003,1922020000000.00,254713461987.98,43624000.00),(2004,2188730000000.00,271766626365.09,44407000.00),(2005,2395790000000.00,288499365835.24,54623000.00),(2006,2758240000000.00,312734997011.96,58351000.00),(2007,2981520000000.00,332329722803.02,59566000.00),(2008,2230190000000.00,332791489853.13,59976000.00),(2009,2734060000000.00,301842761880.30,60285000.00),(2010,3142140000000.00,307443457915.86,60510000.00),(2011,3146850000000.00,319749787416.53,61371000.00),(2012,3530120000000.00,334517935545.60,63088000.00),(2013,4179350000000.00,352595100055.98,64495000.00),(2014,4399890000000.00,369546741647.02,62651000.00),(2015,4382030000000.00,0.00,65307000.00),(2016,4738481000000.00,0.00,67121000.00),(2017,0.00,0.00,0.00),(2018,0.00,0.00,0.00);
/*!40000 ALTER TABLE `retirement_savings` ENABLE KEYS */;
UNLOCK TABLES;

--
-- Table structure for table `suicide_rates`
--

DROP TABLE IF EXISTS `suicide_rates`;
/*!40101 SET @saved_cs_client     = @@character_set_client */;
/*!40101 SET character_set_client = utf8 */;
CREATE TABLE `suicide_rates` (
  `year` bigint(20) NOT NULL,
  `date` date DEFAULT NULL,
  `rate` decimal(19,2) DEFAULT NULL,
  PRIMARY KEY (`year`)
) ENGINE=InnoDB DEFAULT CHARSET=latin1;
/*!40101 SET character_set_client = @saved_cs_client */;

--
-- Dumping data for table `suicide_rates`
--

LOCK TABLES `suicide_rates` WRITE;
/*!40000 ALTER TABLE `suicide_rates` DISABLE KEYS */;
INSERT INTO `suicide_rates` VALUES (1960,'1960-01-01',0.00),(1961,'1961-01-01',0.00),(1962,'1962-01-01',0.00),(1963,'1963-01-01',0.00),(1964,'1964-01-01',0.00),(1965,'1965-01-01',0.00),(1966,'1966-01-01',0.00),(1967,'1967-01-01',0.00),(1968,'1968-01-01',0.00),(1969,'1969-01-01',0.00),(1970,'1970-01-01',0.00),(1971,'1971-01-01',0.00),(1972,'1972-01-01',0.00),(1973,'1973-01-01',0.00),(1974,'1974-01-01',0.00),(1975,'1975-01-01',0.00),(1976,'1976-01-01',0.00),(1977,'1977-01-01',0.00),(1978,'1978-01-01',0.00),(1979,'1979-01-01',0.00),(1980,'1980-01-01',0.00),(1981,'1981-01-01',0.00),(1982,'1982-01-01',0.00),(1983,'1983-01-01',0.00),(1984,'1984-01-01',0.00),(1985,'1985-01-01',0.00),(1986,'1986-01-01',0.00),(1987,'1987-01-01',0.00),(1988,'1988-01-01',0.00),(1989,'1989-01-01',0.00),(1990,'1990-01-01',0.00),(1991,'1991-01-01',0.00),(1992,'1992-01-01',0.00),(1993,'1993-01-01',0.00),(1994,'1994-01-01',0.00),(1995,'1995-01-01',0.00),(1996,'1996-01-01',0.00),(1997,'1997-01-01',0.00),(1998,'1998-01-01',0.00),(1999,'1999-01-01',0.00),(2000,'2000-01-01',11.30),(2001,'2001-01-01',0.00),(2002,'2002-01-01',0.00),(2003,'2003-01-01',0.00),(2004,'2004-01-01',0.00),(2005,'2005-01-01',11.90),(2006,'2006-01-01',0.00),(2007,'2007-01-01',0.00),(2008,'2008-01-01',0.00),(2009,'2009-01-01',0.00),(2010,'2010-01-01',13.20),(2011,'2011-01-01',0.00),(2012,'2012-01-01',0.00),(2013,'2013-01-01',0.00),(2014,'2014-01-01',0.00),(2015,'2015-01-01',15.00),(2016,'2016-01-01',15.30),(2017,'2017-01-01',0.00),(2018,'2018-01-01',0.00),(2019,'2019-01-01',0.00);
/*!40000 ALTER TABLE `suicide_rates` ENABLE KEYS */;
UNLOCK TABLES;

--
-- Table structure for table `suicides`
--

DROP TABLE IF EXISTS `suicides`;
/*!40101 SET @saved_cs_client     = @@character_set_client */;
/*!40101 SET character_set_client = utf8 */;
CREATE TABLE `suicides` (
  `year` bigint(20) NOT NULL,
  `rate` decimal(19,2) DEFAULT NULL,
  `date` date DEFAULT NULL,
  PRIMARY KEY (`year`)
) ENGINE=InnoDB DEFAULT CHARSET=latin1;
/*!40101 SET character_set_client = @saved_cs_client */;

--
-- Dumping data for table `suicides`
--

LOCK TABLES `suicides` WRITE;
/*!40000 ALTER TABLE `suicides` DISABLE KEYS */;
INSERT INTO `suicides` VALUES (2008,11.60,'2008-01-01'),(2009,11.75,'2009-01-01'),(2010,12.08,'2010-01-01'),(2011,12.32,'2011-01-01'),(2012,12.54,'2012-01-01'),(2013,12.57,'2013-01-01'),(2014,12.93,'2014-01-01'),(2015,13.26,'2015-01-01'),(2016,13.42,'2016-01-01'),(2017,14.00,'2017-01-01');
/*!40000 ALTER TABLE `suicides` ENABLE KEYS */;
UNLOCK TABLES;

--
-- Table structure for table `tax_receipts`
--

DROP TABLE IF EXISTS `tax_receipts`;
/*!40101 SET @saved_cs_client     = @@character_set_client */;
/*!40101 SET character_set_client = utf8 */;
CREATE TABLE `tax_receipts` (
  `date` datetime NOT NULL,
  `amount` decimal(19,2) DEFAULT NULL,
  `year` int(11) NOT NULL,
  PRIMARY KEY (`date`)
) ENGINE=InnoDB DEFAULT CHARSET=latin1;
/*!40101 SET character_set_client = @saved_cs_client */;

--
-- Dumping data for table `tax_receipts`
--

LOCK TABLES `tax_receipts` WRITE;
/*!40000 ALTER TABLE `tax_receipts` DISABLE KEYS */;
INSERT INTO `tax_receipts` VALUES ('1947-01-01 00:00:00',36.86,1947),('1947-04-01 00:00:00',36.32,1947),('1947-07-01 00:00:00',36.26,1947),('1947-10-01 00:00:00',38.74,1947),('1948-01-01 00:00:00',38.95,1948),('1948-04-01 00:00:00',37.68,1948),('1948-07-01 00:00:00',36.74,1948),('1948-10-01 00:00:00',36.53,1948),('1949-01-01 00:00:00',34.42,1949),('1949-04-01 00:00:00',32.52,1949),('1949-07-01 00:00:00',32.32,1949),('1949-10-01 00:00:00',31.34,1949),('1950-01-01 00:00:00',35.86,1950),('1950-04-01 00:00:00',40.02,1950),('1950-07-01 00:00:00',46.12,1950),('1950-10-01 00:00:00',50.49,1950),('1951-01-01 00:00:00',57.63,1951),('1951-04-01 00:00:00',54.64,1951),('1951-07-01 00:00:00',54.03,1951),('1951-10-01 00:00:00',57.64,1951),('1952-01-01 00:00:00',57.48,1952),('1952-04-01 00:00:00',57.68,1952),('1952-07-01 00:00:00',58.08,1952),('1952-10-01 00:00:00',61.04,1952),('1953-01-01 00:00:00',62.70,1953),('1953-04-01 00:00:00',62.96,1953),('1953-07-01 00:00:00',62.00,1953),('1953-10-01 00:00:00',56.93,1953),('1954-01-01 00:00:00',53.24,1954),('1954-04-01 00:00:00',53.36,1954),('1954-07-01 00:00:00',54.01,1954),('1954-10-01 00:00:00',55.99,1954),('1955-01-01 00:00:00',59.23,1955),('1955-04-01 00:00:00',61.02,1955),('1955-07-01 00:00:00',62.49,1955),('1955-10-01 00:00:00',64.13,1955),('1956-01-01 00:00:00',63.94,1956),('1956-04-01 00:00:00',65.18,1956),('1956-07-01 00:00:00',64.96,1956),('1956-10-01 00:00:00',67.64,1956),('1957-01-01 00:00:00',68.53,1957),('1957-04-01 00:00:00',67.94,1957),('1957-07-01 00:00:00',67.79,1957),('1957-10-01 00:00:00',65.16,1957),('1958-01-01 00:00:00',61.63,1958),('1958-04-01 00:00:00',61.63,1958),('1958-07-01 00:00:00',64.80,1958),('1958-10-01 00:00:00',68.41,1958),('1959-01-01 00:00:00',70.63,1959),('1959-04-01 00:00:00',74.06,1959),('1959-07-01 00:00:00',72.15,1959),('1959-10-01 00:00:00',72.50,1959),('1960-01-01 00:00:00',77.18,1960),('1960-04-01 00:00:00',75.82,1960),('1960-07-01 00:00:00',75.24,1960),('1960-10-01 00:00:00',73.98,1960),('1961-01-01 00:00:00',73.82,1961),('1961-04-01 00:00:00',75.66,1961),('1961-07-01 00:00:00',77.32,1961),('1961-10-01 00:00:00',80.29,1961),('1962-01-01 00:00:00',80.14,1962),('1962-04-01 00:00:00',81.32,1962),('1962-07-01 00:00:00',83.65,1962),('1962-10-01 00:00:00',84.80,1962),('1963-01-01 00:00:00',85.45,1963),('1963-04-01 00:00:00',87.50,1963),('1963-07-01 00:00:00',88.36,1963),('1963-10-01 00:00:00',89.54,1963),('1964-01-01 00:00:00',87.56,1964),('1964-04-01 00:00:00',83.65,1964),('1964-07-01 00:00:00',85.96,1964),('1964-10-01 00:00:00',87.43,1964),('1965-01-01 00:00:00',93.35,1965),('1965-04-01 00:00:00',94.83,1965),('1965-07-01 00:00:00',92.92,1965),('1965-10-01 00:00:00',96.12,1965),('1966-01-01 00:00:00',98.69,1966),('1966-04-01 00:00:00',102.97,1966),('1966-07-01 00:00:00',104.30,1966),('1966-10-01 00:00:00',106.27,1966),('1967-01-01 00:00:00',105.79,1967),('1967-04-01 00:00:00',105.57,1967),('1967-07-01 00:00:00',108.37,1967),('1967-10-01 00:00:00',111.94,1967),('1968-01-01 00:00:00',118.23,1968),('1968-04-01 00:00:00',121.90,1968),('1968-07-01 00:00:00',132.15,1968),('1968-10-01 00:00:00',136.58,1968),('1969-01-01 00:00:00',143.02,1969),('1969-04-01 00:00:00',145.06,1969),('1969-07-01 00:00:00',141.65,1969),('1969-10-01 00:00:00',142.07,1969),('1970-01-01 00:00:00',135.75,1970),('1970-04-01 00:00:00',136.87,1970),('1970-07-01 00:00:00',132.80,1970),('1970-10-01 00:00:00',132.30,1970),('1971-01-01 00:00:00',133.25,1971),('1971-04-01 00:00:00',134.87,1971),('1971-07-01 00:00:00',135.28,1971),('1971-10-01 00:00:00',137.65,1971),('1972-01-01 00:00:00',150.63,1972),('1972-04-01 00:00:00',153.08,1972),('1972-07-01 00:00:00',155.10,1972),('1972-10-01 00:00:00',161.26,1972),('1973-01-01 00:00:00',163.72,1973),('1973-04-01 00:00:00',166.46,1973),('1973-07-01 00:00:00',168.66,1973),('1973-10-01 00:00:00',175.88,1973),('1974-01-01 00:00:00',177.04,1974),('1974-04-01 00:00:00',184.56,1974),('1974-07-01 00:00:00',193.83,1974),('1974-10-01 00:00:00',190.65,1974),('1975-01-01 00:00:00',183.94,1975),('1975-04-01 00:00:00',150.56,1975),('1975-07-01 00:00:00',192.62,1975),('1975-10-01 00:00:00',198.70,1975),('1976-01-01 00:00:00',204.38,1976),('1976-04-01 00:00:00',209.76,1976),('1976-07-01 00:00:00',215.43,1976),('1976-10-01 00:00:00',220.00,1976),('1977-01-01 00:00:00',228.93,1977),('1977-04-01 00:00:00',239.91,1977),('1977-07-01 00:00:00',244.42,1977),('1977-10-01 00:00:00',253.30,1977),('1978-01-01 00:00:00',252.62,1978),('1978-04-01 00:00:00',275.45,1978),('1978-07-01 00:00:00',288.51,1978),('1978-10-01 00:00:00',302.72,1978),('1979-01-01 00:00:00',305.11,1979),('1979-04-01 00:00:00',313.48,1979),('1979-07-01 00:00:00',321.24,1979),('1979-10-01 00:00:00',327.62,1979),('1980-01-01 00:00:00',334.37,1980),('1980-04-01 00:00:00',329.16,1980),('1980-07-01 00:00:00',346.54,1980),('1980-10-01 00:00:00',367.91,1980),('1981-01-01 00:00:00',389.14,1981),('1981-04-01 00:00:00',393.07,1981),('1981-07-01 00:00:00',404.74,1981),('1981-10-01 00:00:00',390.20,1981),('1982-01-01 00:00:00',373.51,1982),('1982-04-01 00:00:00',377.70,1982),('1982-07-01 00:00:00',366.54,1982),('1982-10-01 00:00:00',369.33,1982),('1983-01-01 00:00:00',366.03,1983),('1983-04-01 00:00:00',388.04,1983),('1983-07-01 00:00:00',377.33,1983),('1983-10-01 00:00:00',386.55,1983),('1984-01-01 00:00:00',401.00,1984),('1984-04-01 00:00:00',407.19,1984),('1984-07-01 00:00:00',409.79,1984),('1984-10-01 00:00:00',420.74,1984),('1985-01-01 00:00:00',458.53,1985),('1985-04-01 00:00:00',411.41,1985),('1985-07-01 00:00:00',449.82,1985),('1985-10-01 00:00:00',451.88,1985),('1986-01-01 00:00:00',450.79,1986),('1986-04-01 00:00:00',452.34,1986),('1986-07-01 00:00:00',462.10,1986),('1986-10-01 00:00:00',482.91,1986),('1987-01-01 00:00:00',480.36,1987),('1987-04-01 00:00:00',545.32,1987),('1987-07-01 00:00:00',534.54,1987),('1987-10-01 00:00:00',545.45,1987),('1988-01-01 00:00:00',538.87,1988),('1988-04-01 00:00:00',542.70,1988),('1988-07-01 00:00:00',552.92,1988),('1988-10-01 00:00:00',564.74,1988),('1989-01-01 00:00:00',598.21,1989),('1989-04-01 00:00:00',594.57,1989),('1989-07-01 00:00:00',601.42,1989),('1989-10-01 00:00:00',610.38,1989),('1990-01-01 00:00:00',607.19,1990),('1990-04-01 00:00:00',620.34,1990),('1990-07-01 00:00:00',628.13,1990),('1990-10-01 00:00:00',626.59,1990),('1991-01-01 00:00:00',613.43,1991),('1991-04-01 00:00:00',612.93,1991),('1991-07-01 00:00:00',616.69,1991),('1991-10-01 00:00:00',625.41,1991),('1992-01-01 00:00:00',627.45,1992),('1992-04-01 00:00:00',637.93,1992),('1992-07-01 00:00:00',642.80,1992),('1992-10-01 00:00:00',673.51,1992),('1993-01-01 00:00:00',656.94,1993),('1993-04-01 00:00:00',694.57,1993),('1993-07-01 00:00:00',699.15,1993),('1993-10-01 00:00:00',746.42,1993),('1994-01-01 00:00:00',727.52,1994),('1994-04-01 00:00:00',767.04,1994),('1994-07-01 00:00:00',770.30,1994),('1994-10-01 00:00:00',788.99,1994),('1995-01-01 00:00:00',803.10,1995),('1995-04-01 00:00:00',826.95,1995),('1995-07-01 00:00:00',830.27,1995),('1995-10-01 00:00:00',842.47,1995),('1996-01-01 00:00:00',876.00,1996),('1996-04-01 00:00:00',921.58,1996),('1996-07-01 00:00:00',923.88,1996),('1996-10-01 00:00:00',946.37,1996),('1997-01-01 00:00:00',978.03,1997),('1997-04-01 00:00:00',1004.39,1997),('1997-07-01 00:00:00',1032.50,1997),('1997-10-01 00:00:00',1045.44,1997),('1998-01-01 00:00:00',1063.59,1998),('1998-04-01 00:00:00',1081.51,1998),('1998-07-01 00:00:00',1108.77,1998),('1998-10-01 00:00:00',1127.16,1998),('1999-01-01 00:00:00',1142.66,1999),('1999-04-01 00:00:00',1158.01,1999),('1999-07-01 00:00:00',1182.15,1999),('1999-10-01 00:00:00',1215.34,1999),('2000-01-01 00:00:00',1272.07,2000),('2000-04-01 00:00:00',1284.19,2000),('2000-07-01 00:00:00',1291.65,2000),('2000-10-01 00:00:00',1306.22,2000),('2001-01-01 00:00:00',1301.00,2001),('2001-04-01 00:00:00',1291.20,2001),('2001-07-01 00:00:00',1104.28,2001),('2001-10-01 00:00:00',1210.81,2001),('2002-01-01 00:00:00',1055.57,2002),('2002-04-01 00:00:00',1051.81,2002),('2002-07-01 00:00:00',1047.89,2002),('2002-10-01 00:00:00',1057.48,2002),('2003-01-01 00:00:00',1062.92,2003),('2003-04-01 00:00:00',1074.61,2003),('2003-07-01 00:00:00',994.71,2003),('2003-10-01 00:00:00',1083.21,2003),('2004-01-01 00:00:00',1086.16,2004),('2004-04-01 00:00:00',1122.20,2004),('2004-07-01 00:00:00',1165.55,2004),('2004-10-01 00:00:00',1188.49,2004),('2005-01-01 00:00:00',1326.26,2005),('2005-04-01 00:00:00',1343.30,2005),('2005-07-01 00:00:00',1374.91,2005),('2005-10-01 00:00:00',1426.82,2005),('2006-01-01 00:00:00',1492.52,2006),('2006-04-01 00:00:00',1518.93,2006),('2006-07-01 00:00:00',1557.72,2006),('2006-10-01 00:00:00',1569.93,2006),('2007-01-01 00:00:00',1606.51,2007),('2007-04-01 00:00:00',1619.09,2007),('2007-07-01 00:00:00',1602.25,2007),('2007-10-01 00:00:00',1602.78,2007),('2008-01-01 00:00:00',1551.38,2008),('2008-04-01 00:00:00',1528.24,2008),('2008-07-01 00:00:00',1494.27,2008),('2008-10-01 00:00:00',1384.17,2008),('2009-01-01 00:00:00',1144.20,2009),('2009-04-01 00:00:00',1102.46,2009),('2009-07-01 00:00:00',1104.11,2009),('2009-10-01 00:00:00',1143.89,2009),('2010-01-01 00:00:00',1213.37,2010),('2010-04-01 00:00:00',1257.38,2010),('2010-07-01 00:00:00',1297.15,2010),('2010-10-01 00:00:00',1326.50,2010),('2011-01-01 00:00:00',1458.52,2011),('2011-04-01 00:00:00',1476.19,2011),('2011-07-01 00:00:00',1471.73,2011),('2011-10-01 00:00:00',1507.17,2011),('2012-01-01 00:00:00',1529.12,2012),('2012-04-01 00:00:00',1556.65,2012),('2012-07-01 00:00:00',1575.77,2012),('2012-10-01 00:00:00',1630.26,2012),('2013-01-01 00:00:00',1710.01,2013),('2013-04-01 00:00:00',1731.14,2013),('2013-07-01 00:00:00',1754.34,2013),('2013-10-01 00:00:00',1784.05,2013),('2014-01-01 00:00:00',1863.99,2014),('2014-04-01 00:00:00',1904.17,2014),('2014-07-01 00:00:00',1900.39,2014),('2014-10-01 00:00:00',1931.67,2014),('2015-01-01 00:00:00',2020.99,2015),('2015-04-01 00:00:00',2042.82,2015),('2015-07-01 00:00:00',2020.46,2015),('2015-10-01 00:00:00',2007.94,2015),('2016-01-01 00:00:00',1995.94,2016),('2016-04-01 00:00:00',2003.25,2016),('2016-07-01 00:00:00',2039.03,2016),('2016-10-01 00:00:00',2039.34,2016),('2017-01-01 00:00:00',1987.63,2017),('2017-04-01 00:00:00',2003.74,2017),('2017-07-01 00:00:00',2042.91,2017),('2017-10-01 00:00:00',2042.37,2017),('2018-01-01 00:00:00',1921.49,2018),('2018-04-01 00:00:00',1943.53,2018),('2018-07-01 00:00:00',1971.38,2018),('2018-10-01 00:00:00',1987.92,2018),('2019-01-01 00:00:00',2018.65,2019),('2019-04-01 00:00:00',2027.56,2019),('2019-07-01 00:00:00',2036.28,2019);
/*!40000 ALTER TABLE `tax_receipts` ENABLE KEYS */;
UNLOCK TABLES;
/*!40103 SET TIME_ZONE=@OLD_TIME_ZONE */;

/*!40101 SET SQL_MODE=@OLD_SQL_MODE */;
/*!40014 SET FOREIGN_KEY_CHECKS=@OLD_FOREIGN_KEY_CHECKS */;
/*!40014 SET UNIQUE_CHECKS=@OLD_UNIQUE_CHECKS */;
/*!40101 SET CHARACTER_SET_CLIENT=@OLD_CHARACTER_SET_CLIENT */;
/*!40101 SET CHARACTER_SET_RESULTS=@OLD_CHARACTER_SET_RESULTS */;
/*!40101 SET COLLATION_CONNECTION=@OLD_COLLATION_CONNECTION */;
/*!40111 SET SQL_NOTES=@OLD_SQL_NOTES */;

-- Dump completed on 2020-02-23  8:50:31
